식별,,,분류,,보험 기간,가입조건,,,,,검수,,
★ product_id,★ product_name,★ insurer,★ category,situation_tags,★ coverage_period_days,★ age_min,★ age_max,gender,description,★ product_url,★ is_mini_insurance,notes,★ collector
▶ 예시,덕밍아웃보험,롯데손해보험,이색·일상,"콘서트,페스티벌,공연,팬미팅",1,19,69,all,"보험에 대한 줄글 설명 (보험 공식 페이지에 나와있는 문구 넣어주세요)
(홈페이지에 나와있는 킥보드가 부딪혔다, ⇒ 홈페이지에서 설명해주는 상황들)",https://alice.lotteins.co.kr/product/fandom/main,Y,,홍길동
,캐롯 해외장기체류보험,캐롯손해보험,여행,3개월 이상의 장기여행,365,19,59,all,"단기 어학 연수, 유학 갈 때, 해외 국내 치료 모두 특약 지원, 구조 필요한 상황 대비",https://www.carrotins.com/product/overseas-long/,,,
1,캐롯 해외여행보험,캐롯손해보험,여행,해외여행,90,19,79,all,"이동 중 파손, 여행 중 사고, 귀국 후 의료비까지 보장, 여행 중 휴대품 손해 (분실 제외), 항공기 및 수하물 지연 비용, 캐롯 굿트래블 서비(내 여행 자동 관리, 여행 준비물 체크, 여행 스토리 기록, 여행 시 사용가능한 쿠폰 제공)",https://www.carrotins.com/product/overseas/?NaPm=ct%3Dmoyg96k5%7Cci%3DERd0302b24-4bb4-11f1-8a43-7e3f3da9ee4d%7Ctr%3Dbrnd%7Chk%3Ded8f7f7774410abc6aef971bed3538315a4b4520%7Cnacn%3D2gJLB0QhHixk&afcDtFlgcd=PC_%ED%99%88%EB%A7%81%ED%81%AC_%ED%9A%8C%EC%82%AC%EB%AA%85_5%EA%B5%AC_0205_%EC%9D%BC%EB%9F%AC%EC%8A%A4%ED%8A%B8&afcDtcd=NAVER_BS_PC_CORP&afccd=PA00832&main=y&utm_campaign=general&utm_content=homelink_corp_PC_260205_5tap_illust&utm_medium=search_brand&utm_source=naver_corp_PC,,,
2,캐롯 투게더 홀인원 보험,캐롯손해보험,레저·스포츠,"골프, 동반가입",30,19,80,all,"골프 경기 중 홀인원 했을 때, 함께 라운딩하는 동반 플레이어들까지 한번 가입으로 모두 보장, 홀인원 축하 기념품 구입도 보장, 보험 선물하기 가능",https://www.carrotins.com/product/holeinone/intro/,,,
3,캐롯 행사배상 책임보험,캐롯손해보험,날씨·이벤트,행사,60,,,all,"행사 중 혹시 모를 사고 보장, 행사 중 발생한 사고로 행사 참여자가 신체 장해 입으면 특약으로 치료비 보장, 공연행사, 체육활동, 수상활동, 불꽃놀이 등 다양한 행사 보장, 내일 행사라도 바로 가입 가능, 법인 사업자는 가입 불가",https://www.carrotins.com/product/event/intro/,,,
4,캐롯 자동차보험 퍼아워,캐롯손해보험,교통·이동,"자동차, 필요한 시간만큼",365,21,65,all,"필요한 순간, 원하는 시간에. 다른 사람의 자동차를 운전할 때, 렌터카를 운전할 때 (특약),  타인을 다치게 한 경우 손해를 무한으로 보장 받아요. 운전하던 자동차 파손 보장, 법률 비용 발생 보장",https://www.carrotins.com/mobile/calculation/car/perhour/intro/,,,
,해외장기체류보험,카카오페이손해보험,여행,3개월이상 장기여행,365,,,all,"체류하는 현지에서 병원 이용 시 모바일로 쉽고 간편하게 접수해 보세요. 해외 체류 중에도, 재가입이 무제한 가능해요! 보험 종료일 이후 30일 이내라면 보장 축소 없이 유사한 조건으로 재가입 할 수 있어요. 장기 체류 중 다쳤을 때, 질병에 걸렸을 때, 사고로 장애가 생겼거나 이송이 필요할 때, 식중독, 전염병, 귀국 후 치료",https://kakaopayinscorp.co.kr/products/FAA006,,,
5,해외여행보험,카카오페이손해보험,여행,해외여행,90,,,all,"짧은 여행도 긴 여행도 필요한 만큼 함께해요. 다쳐서 병원 방문, 아파서 병원 방문, 소지품 파손/도난, 큰 사고 발생, 비행기 출발 늦어짐, 남에게 피해줌. 식중독, 전염병, 귀국해서 병원 방문 등. 간편하게 카카오톡으로 친구들과
함께 가입하고 최대 10% 할인 받아보세요.",https://kakaopayinscorp.co.kr/products/FAA001,,,
6,전월세보험/직거래전월세보험,카카오페이손해보험,이색·일상,"전월세, 이사 관련","1,095",,,all,"전월세 사기계약 대비, 가짜 집주인과 계약, 전입신고 당일 근저당 설정, 다른 세입자와 이중 계약, 월세집의 전세집으로 둔갑 등. 등기부등본에 변동이 생기면
알림톡으로 알려드려요. 우리집을 분석해 리포트로 알려드려요. HUG반환보증보험과 차이가 있음.",https://kakaopayinscorp.co.kr/products/FAT001,,,
7,운전자보험,카카오페이손해보험,교통·이동,"운전자보험, 차 없어도 가능","1,095",19,70,all,"운전자보험은 운전자인 '나'를 지키기 위해 사망·중상해, 12대 중과실 사고를 보장받아요. 단, 무면허·음주·약물 운전은 제외돼요.",https://kakaopayinscorp.co.kr/products/FAA005,,,
9,골프보험,카카오페이손해보험,레저·스포츠,"골프, 홀인원, 동반가입",1,,,,"홀인원 계획이 없다면 골프 부상과 골프장 사고 보장으로 실속있게 선택하고, 홀인원이 자신 있다면홀인원 보장 금액(특약)을 넉넉히 추가해보세요.내가 원하는 만큼 홀인원 비용을 보장받아요. 허리, 손목 등 골프 부상 치료비와 남에게 피해를
줬을 때 원하는 특약을 선택해 보장받아요. 간편하게 카카오톡으로 친구들과
함께 가입하고 최대 10% 할인 받아보세요",https://kakaopayinscorp.co.kr/products/FAA007,,,
10,금융안심보험,카카오페이손해보험,이색·일상,"보이스피싱, 온라인 직거래",365,19,79,all,"피싱, 스미싱, 온라인 직거래 사기까지 보상되니까 전화도, 문자도, 중고 거래도 마음 놓고 하세요. 온라인 직거래 사기는 특약 선택 시 보장. 여럿이 함께하면 할수록
더 내려가는 보험료.",https://kakaopayinscorp.co.kr/products/FAO001,,,
11,수도권지하철지연보험,삼성화재,교통·이동,"지하철,지하철지연,대중교통,출퇴근,수도권",365,,,all,"수도권지하철이 30분 이상 지연되면 택시, 버스 등 대체 교통비를 보장.
수도권지하철 노선 : 수도권(서울특별시, 인천광역시 및 경기도) 내에서 운영중인 도시철도, 광역철도 노선을 말합니다. 대상 노선으로는 1호선 내지 9호선, 신분당선, 수인분당선, 경의중앙선, 경춘선, 경강선, 서해선, 공항철도, GTX-A, 인천1호선, 인천2호선, 에버라인, 김포골드라인, 의정부선, 우이신설선, 신림선을 말하며 이와 유사한 노선을 포함합니다.
지하철 하차 이후 2시간 이내 결제 건에 한해 보장합니다.",https://direct.samsungfire.com/m/mall/MP030314_001.html,Y,,
12,글로벌케어보험,삼성화재,여행,"해외체류,유학,어학연수,장기출장,해외거주",최대보장기간 적어두기,0,110,all,"일상적인 감기 치료와 시급한 응급실 치료도 보장. 해외의료비 부담을 덜어드려요.
갑작스러운 사고·질병에도 응급이송·구조·송환 비용을 보장해요.
해외 생활 중 작은 불편까지 케어, 휴대품 손해(분실은 보장 안 함), 항공기 지연, 감염병 진단 등 일상 생활 속 사고도 보장해요.
항공기, 선박, 차량 등을 사용하다 발생한 손해는 보상하지 않습니다.",https://direct.samsungfire.com/m/mall/MP030702_001.html,,,
13,해외여행보험,삼성화재,여행,"해외여행,해외출장,배낭여행,패키지여행",,0,110,all,"여행 중 갑작스러운 상황에도 병원 진료비와 휴대품 손해(분실제외) 등 여행 중 돌발 사고를 보장해요.
국내·해외 출발 항공기 지연 발생 시 보장해요. (입력한 항공편이 2시간 이상 지연되는 경우 적용됩니다. 항공편 지연을 보장하는 특약명은 항공기 지연·결항 보상(지수형)(국내 출국), 항공기 지연·결항 보상(지수형)(국내 출국 제외) 특별약관입니다. 환승 전용 내항기 및 이와 유사한 성격의 국내선은 제외합니다.)
",https://direct.samsungfire.com/m/mall/MP030701_001.html,,,
14,국내여행보험,삼성화재,여행,"국내여행,국내출장,제주도여행,캠핑,등산",,0,69,all,"가족캠핑, 소도시 여행, 한달 살기, 수련회, 여행에서의 치료비, 의료비(질병, 상해) 보장",https://direct.samsungfire.com/m/mall/MP030703_001.html,,,
15,4계절보험,삼성화재,신체·질환,"봄(꽃가루,알레르기,호흡기), 여름( 장염, 식중독, 열사병, 물놀이), 가을(호흡기, 소화기, 야외활동), 겨울(독감, 한랭질환, 호흡기)",90,19,70,all,"미세먼지와 꽃가루로 호흡기 질환이 심해지는 봄, 무더위, 물놀이, 식중독이 걱정되는 여름, 야외 활동 증가로 야외감염 질환이 발생하는 가을, 실내 활동 증가로 낙상 등 골절이 걱정되는 겨울
봄 플랜(3~5월) : 깁스치료비(부목치료 제외), 특정 2대 호흡계질환 진단비, 특정 5대 호흡계질환 진단비, 수두 진단비, 봄철 특정감염병 진단비, 봄철 다빈도 질병(호흡계질환) 입원일당, 봄철 다빈도 질병(호흡계질환) 수술비
여름 플랜(6~8월) : 깁스치료비(부목치료 제외), 특정 4대 소화계질환 진단비, 특정 6대 소화계질환 진단비, 여름철 기후성질환(온열질환)진단비, 여름철 수족구진단비, 여름철 특정감염병 진단비, 여름철 식중독진단비(2일이상입원), 여름철 음식매개세균성장염진단비(4일이상입원), 여름철 다빈도 질병(피부 및 근골격계질환) 입원일당, 여름철 다빈도 질병(피부 및 근골격계질환) 수술비
가을 플랜(9~11월) : 깁스치료비(부목치료 제외), 특정 2대 호흡계질환 진단비, 특정 5대 호흡계질환 진단비, 가을철 특정감염병 진단비, 가을철 다빈도 질병(호흡계 및 특정 소화계질환) 입원일당, 가을철 다빈도 질병(호흡계 및 특정 소화계질환) 수술비
겨울 플랜(12~2월) : 깁스치료비(부목치료 제외), 특정 4대 소화계질환 진단비, 특정 6대 소화계질환 진단비, 겨울철 기후성질환(한랭질환) 진단비, 겨울철 독감항바이러스제치료비(10일면책)(연간1회한), 겨울철 특정감염병 진단비, 겨울철 다빈도 질병(호흡계 질환) 입원일당, 겨울철 다빈도 질병(호흡계 질환) 수술비
",https://direct.samsungfire.com/m/mall/MP030802_001.html,,,
16,미니생활보험,삼성화재,이색·일상,"러닝/산책, 자전거/라이딩, 등산/캠핑, 헬스/웨이트, 라켓스포츠, 구기스포츠, 문화/관람",30,,,,"일정에 맞춰 필요한 만큼 보장받아요.(기간형의 경우, 월단위로 가입 가능합니다.)

러닝/산책: 일상상해, 허리/골반, 발/발목/다리, 화상, 야외활동, 상처치료 카테고리 보장
자전거: 일상상해, 어깨/팔, 허리/골반, 손/손목, 발/발목/다리, 화상, 자전거, 흉터케어, 상처치료 카테고리 보장
등산/캠핑: 일상상해, 어깨/팔, 허리/골반, 손/손목, 발/발목/다리, 화상, 식중독, 야외활동, 상처치료 카테고리 보장
헬스: 일상상해, 가슴/등, 어깨/팔, 허리/골반, 손/손목, 발/발목/다리, 상처치료 카테고리 보장
라켓스포츠: 일상상해, 머리/얼굴/목, 어깨/팔, 손/손목, 발/발목/다리, 흉터케어, 상처치료 카테고리 보장
구기스포츠: 일상상해, 머리/얼굴/목, 가슴/등, 어깨/팔, 허리/골반, 손/손목, 발/발목/다리, 흉터케어, 상처치료 카테고리 보장
스포츠관람/문화활동: 일상상해, 식중독, 야외활동, 흉터케어 카테고리 보장",https://direct.samsungfire.com/mall/PP030805_001.html,,,
17,사이버사고 보상보험,삼성화재,기타,"피싱, 해킹, 스미싱, 파밍, 인터넷 사기",365,,,,"판매자가 돈을 받고 물품을 안 보낸 경우, 판매자가 다른 물건을 보낸 경우, 물품을 보냈는데 구매자로부터 돈을 못 받은 경우, 허위 쇼핑몰에서 금전상 피해를 입은 경우, 무심코 댓글을 달았는데 법적 문제가 됐어요. 저작권을 위반했어요

",https://direct.samsungfire.com/mall/PP030311_001.html,,,
18,착한골프보험,삼성화재,레저·스포츠,"홀인원, 골프 중 사고, 개인형 골프 보험",30,,,,"기념품 구입비 및 기념식수 비용 보장, 축하만찬 비용 (홀인원 한 날로부터 1개월 이내), 동반 캐디 축하금 보장, 축하라운드 비용 (홀인원 한 날로부터 3개월 이내) 보장, 골프장에서 일어날 수 있는 사고 비용을 보장해요.
",https://direct.samsungfire.com/mall/PP030801_001.html,,,
19,"원데이 자동차보험
",삼성화재,생활,타인의 차 사용,30,,,all,"른사람의 자동차나 렌터카를 운전할 때 보장해 드려요. 다른 사람의 자동차라면 친구차도 렌터카도 보장. 법인차, 카셰어링 차량도 든든하게 보장",https://direct.samsungfire.com/mall/PP030109_001.html,,,
20,스크린홀인원보험,삼성화재,레저·스포츠,홀인원,1게임,무관,무관,all,"스크린 골프장에서 홀인원 하면 축하 비용 지급, 골퍼라면 자주 이용하는 ‘골프존', ‘SG골프’에서 보장 받아요.",https://direct.samsungfire.com/mall/PP030803_001.html,,,
21,환경쏘옥NHe독감케어보험(무배당),NH농협생명,신체·질환,"독감, 환경성 질환",365,19,64,all,"보험료 한 번만 납입하면 독감, 환경성 질환 보장이 쏘~옥",https://www.nhelife.co.kr/ni/ig/NIIG0014M00.nhl?prodDtlCd=2,,,
22,검진쏘옥NHe용종진단보험(무배당),NH농협생명,건강·진단,"내시경, 건강검진",365,19,70,all,보험료 한 번만 내면 용종 걱정 끝! 3대기관 용종 진단 시 5만원 지급!,https://www.nhelife.co.kr/ni/ig/NIIG0013M00.nhl,,,
23,ESG쏘옥NHe대중교통보험(무배당),NH농협생명,교통·이동,"대중교통, 교통사고, 버스, 지하철, 택시, 비행기",365,19,60,all,교통사고 위험에서 당신을 지켜주는 신호등 버스요금보다 저렴한 대중교통보험,https://www.nhelife.co.kr/ni/ig/NIIG0011M00.nhl,,,
,운동쏘옥NHe부상케어보험(무배당),NH농협생명,레저·스포츠,"운동, 부상, 깁스, 골절, 응급실",365,19,60,all,부상 걱정 끝. 운동 집중 시작! 운동하는 당신을 위한 부상케어 패키지,https://www.nhelife.co.kr/ni/ig/NIIG0016M00.nhl,,,
24,면역쏘옥NHe통풍대상포진보험(무배당),NH농협생명,신체·질환,"통풍, 대상포진",365,19,60,all,"보험료 한 번만 납입하면 통풍,대상포진 보장이 한 번에 쏘옥!",https://www.nhelife.co.kr/ni/ig/NIIG0015M00.nhl,,,
25,신한SOL독감보험 mini(무배당),신한라이프,신체·질환,"독감, 환경성 질환","1,825",19,70,all,"지긋지긋한 환절기 불청객, 독감 보험으로 안심. 환절기, 독감 준비 되셨나요? 환절기마다 찾아오는 독감, 환경성 질환도 대비할 수 있어요",https://www.shinhanlife.co.kr/di/cdipaa0010.do,,,
26,신한SOL다치면속상해보험 mini (무배당),신한라이프,신체·질환,"일상재해, 골절, 수술, 입원, 상해",365,19,60,all,"야외활동 준비중인가요? 예상치 못한 부상에도, 마음편히 치료 받을 수 있을까? 운동, 여행, 일상생활 중 다치면 골절, 수술, 입원 보장이 가능해요",https://www.shinhanlife.co.kr/di/cdipaa0010.do,,,
27,신한SOL상처솔솔보험 mini (무배당)(일반보장형),신한라이프,신체·질환,"일상생활, 상처",365,19,60,all,"집에서도 밖에서도 상처 솔솔 케어. 일상 속 작은 상처도 챙기셨나요? 작은 상처도 병원비는 부담되니까. 일상생활, 야외활동 중 다친 상처의 꿰맴 치료 보장이 가능해요",https://www.shinhanlife.co.kr/di/cdipaa0010.do,,,
28,신한SOL상처솔솔보험 mini (무배당)(자녀보장형),신한라이프,신체·질환,"일상생활, 상처, 아이",365,0,13,all,"소중한 우리아이, 상처 하나도 놓치지 않는 든든한 보장. 우리 아이, 작은 상처도 챙기셨나요? 넘어지고 다치더라도 씩씩하게 키우고 싶으니까 일상생활, 야외활동 중 다친 상처의 꿰맴 치료 보장이 가능해요",https://www.shinhanlife.co.kr/di/cdipaa0010.do,,,
29,신한SOL여성수술보험 mini(무배당),신한라이프,여성특화,"여성질환, 수술, 여성건강","1,095",19,55,female,"만 19세부터 55세까지, 여성만을 위한 안심 플랜. 여성이라면 한 번쯤 겪는 21가지 질병들, 자주 발생해도 반복해서 보장 받을 수 있어요",https://www.shinhanlife.co.kr/di/cdipaa0010.do,,,
30,신한SOL스쿨존보험 mini(무배당),신한라이프,교통·이동,"교통사고, 아이, 등하굣길","1,095",0,10,all,우리 아이 하루를 지키는 스쿨존 전용 보험. 아이의 등하굣길 안심할 수 있나요? 지금이 스쿨존 보험 가입할 때. ,https://www.shinhanlife.co.kr/di/cdipaa0010.do,,,
31,신한SOL3대폴립보험 mini(무배당),신한라이프,건강·진단,"폴립 제거, 내시경 검사",365,20,60,all,"건강검진보다 먼저 준비할, 나를 위한 보험. 건강검진만으로 충분할까요? 지금이 폴립보험 가입할 때",https://www.shinhanlife.co.kr/di/cdipaa0010.do,,,
32,신한SOL대중교통보험 mini(무배당),신한라이프,교통·이동,"대중교통, 교통사고, 버스, 지하철, 택시, 비행기, 여객선","1,095",19,75,all,"매일타는 대중교통, 365일 안심! 출퇴근길, 예기치 못한 사고에도 안심할 수 있을까? 매일 타든, 가끔 타든 대비는 필요해요",https://www.shinhanlife.co.kr/di/cdipaa0010.do,,,
33,CREW 골프보험 (1회권),롯데손해보험,레저·스포츠,"골프, 홀인원, 라운딩, 운전자, 골절, 배상책임",1,19,79,all,"골프 치다 실수로 남의 물건을 파손 시키거나 다치게 했을때 최대 2,000만원
나이스 홀인원 뒤풀이도 나이스 돈 쓴 만큼 돌려 받자! 최대 200만원
안전과 안심까지, 선물 가능한 골프보험",https://alice.lotteins.co.kr/product/golf/main,,,
34,제주갈땐,롯데손해보험,여행,"제주여행, 국내여행, 항공기결항, 숙박비, 홀인원, 배상책임, 골절, 깁스, 식중독, 동반가입",7,19,79,all,"N회차 제주 여행이여도 방심할 수 없다
제주여행을 간다면?
항공기 결항으로 체류 시 축박비용 보장 최대 10만원 보장
기분 좋게 골프 치다 홀인원으로 돈 나갈 일 없도록 홀인원 축하비용 최대 100만원 보장
설레는 제주여행 좋은 추억만 있을까? 호캉스 즈릭던 중 실수로 호텔 기물을 파손시켰을 때 국내 여행 중 배상책임 최대 500만원 보장
인생샷 찍는다고 무리하게 포즈 잡다 다쳤을 때 골절 진단 시 30만원 보장 깁스 치료 시 30만원 보장
갓 잡은 해산물 취식 후 식중독에 걸렸을 때 식중독으로 입원 시 하루 10만원 보장
가족, 친구와 함께라면 최대 9명까지 간편하게 동반 가입 가능!",https://alice.lotteins.co.kr/product/domestic/main,,,
35,덕밍아웃상해보험,롯데손해보험,이색·일상,"덕질, 팬덤, 콘서트, 페스티벌, 공연, 굿즈거래, 중고거래사기, 골절, 깁스, 선물하기",365,14,70,all,"덕밍아웃. 어짜피 덕질할 거 행복하게 덕질하자
오늘도 평화로운 덕질생활, 빌런은 접근금지!
최대 굿즈 거래하다 기분 상하지 않도록! 인터넷 직거래 사기 피해 보상
도파민 폭발 콘서트, 페스티벌 끝까지 즐길 수 있게 인파에 휩쓸려 부상을 당해도
휴덕은 있어도 탈덕은 없으니까!
덕질에 진심인 친구, 엄마 모두에게!
행복한 덕질을 위해 선물도 가능",https://alice.lotteins.co.kr/product/fandom/main,,,
36,CREW 캠핑차박보험,롯데손해보험,레저·스포츠,"캠핑, 차박, 한달살기, 화재, 가스사고, 물리적충격, 가족단체가입, 자녀안전",365,19,59,all,"캠핑차박. 고수캠퍼에게도 보험은 필요하다
세상에 안전한 캠핑은 없다
자녀와 함께하는 캠핑 사고 대책은 필수!
여행의 결에 맞는 플랜 구성 캠핑, 차박부터 한 달 살기까지
가족의 이름, 주민번호 입력 없이 쉽고편하게 가족 단체 가입",https://alice.lotteins.co.kr/product/trip/main,,,
37,불효자보험,롯데손해보험,생활,"부모님, 보이스피싱, 스미싱, 파밍, 메모리해킹, 금융사기, 5대골절, 화상, 자동차사고, 강력범죄, 무릎수술, 어깨수술, 손목수술, 고관절, 선물하기, 시니어",365,19,50,all,"불효자여도, 부모님은 빌런에게서 지켜야하니까지켜야하니까
우리 부모님도 예외일 수 없다!
보이스피싱, 스미싱 등 전자통신금융사기에 해당할 경우 최대 보장 금액 100만원 (자기 부담금 10만원 발생)
은퇴 후에도 손주들 돌보느라, 고생하시는 부모님! 상해로 인한 5대 골절 또는 수술 진행 시 각 50만원 지급, 상해로 인한 무릎, 어깨, 손목 수술 진행 시 각 30만원 지급
부모님이 이미 가입한 보험이 있다면? 기존 가입한 보험과 중복 지급 가능!
우리 부모님은 물론, 배우자의 부모님도 가입 가능
부모님 중 2인 이상 가입 시 보험료 10% 할인",https://alice.lotteins.co.kr/product/unfilial/main,,,
38,DRIVE 원데이자동차보험,롯데손해보험,교통·이동,"타인차량운전, 렌터카, 대인배상, 대물배상, 자기신체사고, 타인자동차손해, 단기운전, 대여차량",10,24,54,all,"엄빠차 빌려타다 사고 났을 때 수습하는 법
엄빠차 빌려타다 사고나도 내 연인 앞에서는 끝까지 완벽해야 하니까 남의 차 운전 중 운전 미숙으로 도로 위 차량을 충격했을 때 최대 3억원
운전 미숙으로 다른 사람을 다치게 했을 때 무한
교통사고로 입원 시, 발생한 병원 치료비와 일 못해서 생긴 손해도 보장 최대 3000만원
보험 기간 중 사고가 발생해도 차주의 보험료는 오르지 않아 지갑 사수 가능
필요한 순간 바로, 즉시 가입 가능!
미리 예약 가입도 가능!
자가용, 렌터카 모두 가입 가능",https://alice.lotteins.co.kr/product/oneday/main,,,
39,CREW 해외여행보험,롯데손해보험,여행,"해외여행, 실손의료비, 질병사망, 휴우장해, 배상책임, 휴대품손해, 구조송환, 항공기납치 ,중간사고, 여권분실, 항공기지연, 수하물지연, 식중독, 전염병",90,0,79,all,"모든 여행은 끝까지 완벽해야 한다.
모든 여행에는 불확실정이 존재한다
미리 가입을 못해도 비행기에 탑승하지 않았다면 가입 가능 같이 여행가는 친구, 가족 동반 할인 최대 10%
여행 중 카메라가 부서져도 걱정말것
의도치 않은 실수로 호텔기물 파손 시 배상책임 담보",https://alice.lotteins.co.kr/product/ovrs/main#none,,,
40,전세사기 법률비용보험,롯데손해보험,이색·일상,"화재, 실화배상책임, 화재벌금, 임시거주비, 가재도난, 임차자배상책임, 폭발, 파열, 잠금장치교체, 유리파손, 건물위험, 주택, 전세, 월세","1,095",19,79,all,"만약 전세사기 당하면 어떻게 하지?
내가 들어갈 전셋집은 괜찮을까?
사회 초년생일수록 안심은 금물!
전세사기로 빈털터리인데 소송은 어떻게 하지? 보증금 반환 소송 시 최대 800만원
내 돈 내놓으라고 돈 들여 소송해야 하나? 보증금 강제집행을 의한 변호사 선임 시 최대 400만원
임대차 계약 개시 후 3개월 이내라면 언제든지 가입 가능!
원하는 플랜 선택 가입 가능!",https://alice.lotteins.co.kr/product/jeonse/main,,,
41,자전거보험,롯데손해보험,레저·스포츠,"자전거, 자전거배상책임, 자전거벌금, 교통사고처리지원금, 골절 ,5대골절, 깁스, 화상, 일원일당, 독액성동물중독, 라이딩",365,6,64,all,"장비빨 만으로는 안심할 수 없다!
라이딩 하다 발생할 수 있는 자전거 사고
자전거 타다가 실수로 남을 충격해서 다치게 했을 때 자전거 배상책임 최대 500만원 보장
자전거 타다가 부주의로 혼자 다쳤을 때 골절 진단 시 최대 50만원
부상으로 인한 깁스 치료 시 최대 30만원
예측할 수 없는 자전거 교통사고 교통사고 처리지원금 최대 3000만원 보장
교통사고 벌금 최대 2000만원 보장
친구들과 자전거로 등교하는 아이 안전도 든든하게 대비!
라이딩에 진심인 가족, 친구에게 선물도 가능!",https://alice.lotteins.co.kr/product/bike/main,,,
42,스크린골프보험,롯데손해보험,레저·스포츠,"스크린골프, 홀인원, 골프존, 에스지엠, 카카오스페이스, 기념품, 만찬비용, 라운드비용, 단체계약",1,19,79,all,"스크린 골프 홀인원! 좋기는 한데, 한 턱 낼 수도 있다.
스크린 골프 치다가 홀인원을 했다면? 홀인원 축하 비용 20만원 보장
필요한 날 하루만 부담 없이 가입 가능 1인 보험료 1150원 4인 보험료 4620원
가족, 친구 최대 4명까지 동반 가입 가능
스크린 골프 시작 전, 즉시 가입도, 미리, 예약 가입도 가능!
",https://alice.lotteins.co.kr/product/screenGolf/main,,,
65,삼성 미니 암보험,삼성생명,신체·질환,"암, 건강검진, 병원",365,19,69,all,"주요 사망 원인 3대 질병 진단, 치료, 재활까지 보장
건강한 고객이라면 보험료 약 17.1% 할인! (건강조건 모두 충족시)
갑작스러운 사고나 질병으로부터
가장의 빈자리를 지키고 싶은 분사망보험금 최대 3억원까지 가입 가능",https://direct.samsunglife.com/product/plan/ProductPlanSubMain,,미니보험 목록,
66,"삼성 마음모아 미니상해보험(2403)(무배당)
# 재해골절, 깁스보장# 보험선물
",삼성생명,생활,"깁스, 골절, 일상, 부상",365,20,64,all,"생활 속에서 든든하게 보장받고 골프 스윙 시 발생되는 늑골피로골절 보장 (재해골절(치아파절제외) 진단, 깁스치료(부목제외))
일시납 후 1년 보장 생활스포츠, 여행 및 일상에서 상해는 언제든지 일어날 수 있어요! (일시납으로 365일 든든하게 보장받아요)",https://direct.samsunglife.com/heart.eds,,,
67,"S교통상해 보험
# 택시, 기차, 비행기 사고까지 보장
",삼성생명,교통·이동,"버스, 지하철, 출퇴근, 대중교통",365,20,64,all,"일반 교통수단을 위한 교통재해로 사망 또는 장애(특약) 진단 시 보장플랜
일반 차량 탑승 중에, 운행중 교통기관 사고, 승강장 대기 중에 사고를 당해도 모두 보장 

1번 납입으로 1년 보장 매일 이용하는 교통 수단에서 매년 20만건 이상 교통사고 발생
교통사고 상해보험을 가입한 사람은 16.6%에 불과해요. 즉 5명 중 4명은 대비가 부족해요!
",https://direct.samsunglife.com/product/plan/ProductPlanSubMain,,"보험사(현대해상, DB손해보험) 웹사이트는 외부(엑셀 등)에서 특정 상품의 상세 페이지(.do 링크)로 다이렉트 접속을 시도할 경우, 비정상적인 접근으로 간주하여 보안 솔루션(MBUSTER 등)이 차단하거나 메인 홈으로 튕겨냅니다.",
68,삼성 1일 하이킹 보험,삼성생명,레저·스포츠,"산책, 트레킹, 공원, 산",1,19(0),69(10),all,"간편하게 가입하는 취미활동, 스포츠, 일상생활 속 콤팩트한 골절상해보험
생활 속 스포츠 이제는 일상이 되었어요
치료비 부담없이 5대재해골절 및 재해골절 수술 보장
재해골절수술과 5대재해골절 수술을 보장해요.",https://direct.samsunglife.com/psports.eds,,"삼성생명의 미니보험(암, 일상생활, 하이킹 등)은 현재 PC 다이렉트 웹에서 상품 페이지가 내려갔으며, 자사 모바일 앱인 '모니모(Monimo)' 전용 상품으로 완전히 전환되어 기존 웹 URL이 404 에러를 냅니다.",
69,DB손해보험 다이렉트 원데이자동차보험,DB손해보험,교통·이동,"자동차, 렌터카, 초보운전, 운전대",1,19,69,all,"다른 사람 자동차나 렌터카를 운전할 때 필요한 기간만, 가입 즉시 보장 가능 1일부터 최대 10일까지 선택가능 가입 당일 즉시 보험 개시 가능
대인, 대물배상은 물론 자기신체사고, 타인자동차손해, 법률비용지원금 보장 특약 가입 시",https://www.directdb.co.kr,,https://m.blog.naver.com/inmotion99/223285474213,
70,"DB 손해보험 다이렉트
골프보험(1년이내)",DB손해보험,레저·스포츠,"등산, 등산화, 산, 배낭",1,19,69,all,"하루부터 1년까지 부담없는 가격으로!
장기간 가입에 대한 부담없이 원하는 기간 선택 가능!

골프 중 발생 가능한 상해사고에 대비 해당 특약가입 시

골프채, 골프공에 타인이 맞을 경우 법률상 배상책임 보장 해당 특약가입 시

골프용품의 도난, 파손손해보장 해당 특약가입 시
단, 분실손해 보상 제외

홀인원 시 기념품, 축하 비용 등 지급 해당 특약가입 시
단, 깔때기홀 홀인원은 보상 제외

인터넷가입 평균 14.5% 저렴 자사 오프라인 대비",https://www.directdb.co.kr/gnrl/prd/lise/golf/custInfoView.do?searchPdcCd=10545&searchPdcTrtHistCd=00&pdcDvcd=g_golf&__cmToken__=6d10fc3d-56b3-4cba-b559-b9eaa66d3922,,"레저-골프
이동, 골프도구, 상해 등등 따지는게 많음.
특히 일반/고급에 따라 달라짐
기간도 협의가 가능하다고함...?",
71,"
굿앤굿우리펫보험",현대해상,반려동물,"강아지, 고양이, 산책, 동물병원",365,19,69,all,"아플 때 지켜주고 싶으니까 우리 댕댕이를 위한 반려견 실손의료비보험
설채현 수의사가 제안한 항암약물 치료 확대보장 출시되었어요!
※ 특약 가입 시

필요한 치료를 망설이지 않도록 입원·통원·수술 의료비 보장! (특약 가입 시)

예기치 못한 사고도 대비해요 배상책임·벌금·위탁비용 보장! (특약 가입 시)

오랜 시간 함께하기 위해 최소2%~최대25% 보장보험료 할인!
동물등록 2% 예방접종 2% 국가봉사동물 8% 다둥이(4마리) 10% 헌혈견 3%",https://www.directdb.co.kr/ltm/prd/cpnm/custInfoView.do?searchPdcCd=31119&searchPdcTrtHistCd=00&pdcDvcd=l_pet_dog&__cmToken__=df8ee6c4-0585-4ee8-883d-ece2ef09d51f,,"펫 보험이 진짜 세세하게 따지니까
계산이 너무 달라지는데, 일단
평균치 내달라해서 냄",
72,현대해상 다이렉트 운전자보험,현대해상,교통·이동,"카셰어링, 쏘카, 드라이브, 자동차",1,19,69,all,"왜 현대해상 다이렉트로 가입해야 할까요?
저렴한 보험료 안전운전자용 신설!
3년 무사고 고객은 해당 특약 20% 할인

현대해상 자동차보험 고객 7% 할인
매월 보험료 7% 할인

현대해상 오프라인 대비 저렴한 보험료
판매수수료 없이 같은 보장을 더 저렴하게

운전자 비용 든든하게 보장
형사합의금, 벌금, 변호사선임비(특약)",https://direct.hi.co.kr/service.do?m=3a5a96a226,,,
73,하이카 다이렉트 해외여행보험,현대해상,여행,"해외여행, 공항, 비행기, 캐리어",7,19,69,all,"왜 현대해상 다이렉트로 가입해야 할까요?
평균 59% 할인으로 가볍게
자사 오프라인 대비 저렴
동반인 함께 가입 시 10% 추가 할인

발생하기 쉬운 사고 보장
휴대품 손해(분실제외)보장, 비행기 지연 보장
(특약 가입 시)

24시간 편리한 우리말 상담 서비스
+82-2-3701-8500(로밍 시 통화비용 발생)

여권분실부터 배상책임까지
여행에서 일어날 수 있는 다양한 상황에 대비
(특약 가입 시)",https://mdirect.hi.co.kr/service.do?m=817c44de32,,"현대해상은 선택지에 따라 보험료, 기간, 금액이 모두 다름
일단 평균치로 내서 올림",
74,"현대해상 다이렉트 레저/기타(골프, 스키 등)",현대해상,레저·스포츠,"골프, 스키, 레저, 스포츠",1,19,69,all,"왜 현대해상 다이렉트로 가입해야 할까요?
5% 할인으로 가볍게
자사 오프라인 대비 저렴

다쳤을 때도 다치게 했을 때도
나 뿐만 아니라 타인에게 끼친 손해도 보장

홀인원의 기쁨도 함께
축하회, 기념식수 비용 보장(정규 18홀 경기 중)
(특약 가입 시)

가입기간은 내가 원하는 대로
1개월, 3개월, 6개월, 9개월, 1년까지 선택",https://mdirect.hi.co.kr/service.do?m=074b8f3cf5,,,
79,라플레이(무)교보라플 실속보험,교보라이프플래닛,신체·질환,"강력범죄피해, 급성심근경색증, 특정3개힘줄손상, 깁스(부목제외), 재해골절(치아파절 제외)",365,19,60,all,"러닝 중 마주칠 수 있는 5가지 위험 365일 동안 보장
(러닝 하던 중 심장이 아파올 때, 밤늦게 운동 중에 강력범죄피해를 입었을 때, 무리하게 달려서 힘줄손상 수술이 필요할 때, 달리다 넘어져 골절이 되었을 때, 부상으로 깁스 치료가 필요할 때)",https://www.lifeplanet.co.kr/lpds2/common/cm/CM03001S.dev?inflow=JE,,,
80,독서(무)교보라플 실속보험,교보라이프플래닛,독서·문화,VDT증후군,365,19,60,all,"- VDT증후군,특정안과질환 365일 동안 보장
- 장시간 독서로 나타날 수 있는 VDT증후군 (눈의 피로, 잦은 충혈, 눈부심, 이물감, 손목 통증 또는 저림, 목어깨 통증)",https://www.lifeplanet.co.kr/lpds2/common/cm/CM03001S.dev?inflow=JE,,,
81,아웃도어(무)교보라플 실속보험,교보라이프플래닛,신체·질환,"특정법정감염병, 독액성동물접촉중독, 온열질환, 한랭질환, 재해골절(치아파절 제외), 특정식중독",365,19,60,all,"봄바람과 함께 시작하는 나들이, 나가기 전에 가볍게 준비하세요!",https://www.lifeplanet.co.kr/lpds2/common/cm/CM03001S.dev?inflow=JE,,,
82,공항장애(무)교보라플 실속보험,교보라이프플래닛,신체·질환,공항장애,365,19,60,all,"갑자기 숨이 막혀요.공황장애 진단시 10만원 (숨이 막히는 느낌, 과호흡, 가슴통증, 답답함, 어지럼증, 쓰러질 것 같은 느낌, 손발 저림, 식은땀, 몸떨림, 이러다 죽을 것 아닐까 하는 극심한 공포)",https://www.lifeplanet.co.kr/lpds2/common/cm/CM03001S.dev?inflow=JE,,,
83,번아웃(무)교보라플 실속보험,교보라이프플래닛,신체·질환,번아웃증후군,365,19,60,all,"번아웃이 이어져 우울에피소드 진단시 10만원 보장 (수면 및 식욕, 체중의 변화, 만성적인 피로감, 두통,소화불량 등 신체 통증, 지속적인 우울감과 공허함, 무기력함, 미래에 대한 비관적인 생각)",https://www.lifeplanet.co.kr/lpds2/common/cm/CM03001S.dev?inflow=JE,,,
84,응급실(무)교보라플 실속보험,교보라이프플래닛,신체·질환,응급환자응급실내원진료,"1,095",19,60,all,응급환자로 응급실 내원 진료 보장 받을 수 있어요,https://www.lifeplanet.co.kr/lpds2/common/cm/CM03001S.dev?inflow=JE,,,
85,독감(무)교보라플 실속보험,교보라이프플래닛,신체·질환,독감(인플루엔자)치료,365,19,60,all,독감(인플루엔자)치료를 365일 동안 보장받을 수 있어요.,https://www.lifeplanet.co.kr/lpds2/common/cm/CM03001S.dev?inflow=JE,,,
86,힘줄손상(무)교보라플 실속보험,교보라이프플래닛,신체·질환,특정3대힘줄손상,"1,095",19,60,all,"특정3대힘줄손상 3년동안 보장 받을 수 있어요.
특정3대힘줄손상으로 수술시 20만원 보장",https://www.lifeplanet.co.kr/lpds2/common/cm/CM03001S.dev?inflow=JE,,,
87,골절(무)교보라플 실속보험,교보라이프플래닛,신체·질환,재해골절(치아파절 제외),"1,095",19,60,all,열심히 달리다 재해골절 진단시 20만원,https://www.lifeplanet.co.kr/lpds2/common/cm/CM03001S.dev?inflow=JE,,,
88,허리지켜(무)교보라플 실속보험,교보라이프플래닛,신체·질환,특정척추질환,"1,095",19,60,all,"허리가 아파서 입원시 최대 120만원
특정척추질환 보장 받을 수 있어요.",https://www.lifeplanet.co.kr/lpds2/common/cm/CM03001S.dev?inflow=JE,,,
89,식중독(무)교보라플 실속보험,교보라이프플래닛,신체·질환,특정식중독,"1,095",19,60,all,잘못먹어서 식중독 입원시 최대 120만원,https://www.lifeplanet.co.kr/lpds2/common/cm/CM03001S.dev?inflow=JE,,,
90,바이러스(무)교보라플 실속보험,교보라이프플래닛,신체·질환,특정법정감염법,"1,095",19,60,all,"전염성 높은 바이러스 질환 진단시 50만원
일본뇌염, 홍역 등 바이러스 질환 3년동안 보장받을 수 있어요.",https://www.lifeplanet.co.kr/lpds2/common/cm/CM03001S.dev?inflow=JE,,,
91,대중교통(무)교보라플 실속보험,교보라이프플래닛,교통·이동,대중교통 이용 중 교통재해 사망,"1,095",19,60,all,"대중교통 이용중 교통사고 시 5천만원
대중교통 이용중 교통재해사망 3년동안 보장받을 수 있어요",https://www.lifeplanet.co.kr/lpds2/common/cm/CM03001S.dev?inflow=JE,,,
92,뇌출혈(무)교보라플 실속보험,교보라이프플래닛,신체·질환,뇌출혈,"1,095",19,60,all,"뇌출혈 진단시 3백만원
뇌출혈 3년동안 보장받을 수 있어요",https://www.lifeplanet.co.kr/lpds2/common/cm/CM03001S.dev?inflow=JE,,,
93,무배당 뼈대있는 깁스보험,메트라이프,신체·질환,깁스,365,20,70,all,"스포츠활동 걱정없이 하고 싶다면? 어른이를 위한 운동 전 필수 준비물
쉽고 빠르게! 3분 안에 가입 가능한 보험으로 안전한 레저활동을 준비하세요.",https://online.metlife.co.kr/product/detail?productCodeFixed=A0660&insuranceCodeFixed=12198,,,
94,무배당 뼈 미니 재해골절보험,메트라이프,신체·질환,재해골절,365,20,80,all,"스포츠활동 걱정없이 하고 싶다면? 어른이를 위한 운동 전 필수 준비물
쉽고 빠르게! 3분 안에 가입 가능한 보험으로 안전한 레저활동을 준비하세요.",https://online.metlife.co.kr/product/detail?productCodeFixed=A0660&insuranceCodeFixed=12198,,,
95,무배당 메트라이프 교통재해사망보험,메트라이프,교통·이동,교통재해사망,365,20,70,all,"흔히 택시를 타거나, 여행지에서 렌터카를 빌리거나, 출퇴근길 버스를 이용할 대도 교통사고 발생할 수 있습니다.
매일 출퇴근, 각종 대중교통 및 차량을 이용 해야되는 직장인, 대학생에게는 교통사고에 노출이 될 수 밖에 없습니다.
대중교통 또는 차량이용 중 발생할 수 있는 사망사고에 대비할 수 있습니다.
- 매일 대중교통으로 출퇴근할 때 발생할 수 있는 사망사고 대비
- 장거리 여행에서 생길 수 있는 사망사고 대비
- 자전거 엘리베이터 및 에스컬레이터 등 일상생활에서 발생할 수 있는 사망사고 대비
- 보행 중 교통사망사고 대비",https://online.metlife.co.kr/product/detail?productCodeFixed=A0549&insuranceCodeFixed=11828,,,
96,무배당 메트라이프 mini 재해보험,메트라이프,신체·질환,골절(치아파절 제외),365,20,70,all,"재해보험, 이런분들께 추천합니다
- 평소 이동시 자전거를 자주 이용하시는 분
- 매일 대중교통으로 출퇴근 하시는 분
- 등산 및 캠핑처럼 레저생활을 평소에 즐기는 분
- 일상생활에서 우발적인 외래 사고에 대비하고 싶으신 분",https://online.metlife.co.kr/product/detail?productCodeFixed=A0551&insuranceCodeFixed=11833,,,
97,무배당 위십이지장및대장용종진단보험,메트라이프,신체·질환,위십이지장 및 대장 양성신생물(용종포함),365,20,55,all,"요즘 2030들의 위험한 식습관
작은 용종 하나가 더 큰 병이 되어서 찾아올 수도 있다면?
12시간 금식만큼 중요한 용종 진단 보험 가입!
용종이 발견만 되어도 10만원 주니까 건강검진 끝나고 맛있는거 먹어야지~",https://online.metlife.co.kr/product/detail?productCodeFixed=A0560&insuranceCodeFixed=11853,,,
98,무배당 iLove아이보험,메트라이프,신체·질환,"어린이질환수술, 화상수술, 주요법정감염병",365,0,14,all,"우리 아이를 사랑하는 엄마아빠의 마음을 전달할 수 있는 특별한 선물 '보험'
어린이질환 수술보험금, 화상수술보험금, 주요법정감염병 치료비 보장
재해골절 치료비, 깁스 치료비 보장
우리 아이 성장 시기별 맞춤 보장",https://online.metlife.co.kr/product/detail?productCodeFixed=A0559&insuranceCodeFixed=11852,,,
99,무배당 메트라이프 위암및식도암진단보험,메트라이프,신체·질환,위암 및 식도암,365,20,60,all,"한국인에게 가장 취약한 암, 발생율 1위 위암
식도암, 지나친 음주와 흡연이 주범",https://online.metlife.co.kr/product/detail?productCodeFixed=A0550&insuranceCodeFixed=11829,,,
100,무배당 메트라이프 폐암및후두암진단보험,메트라이프,신체·질환,폐암 및 후두암,365,20,60,all,"증상 거의 없어 조기진단이 어려운 폐암, 잘 대비하고 계신 가요?",https://online.metlife.co.kr/product/detail?productCodeFixed=A0550&insuranceCodeFixed=11830,,,
101,무배당 메트라이프 간암및췌장암진단보험,메트라이프,신체·질환,간암 및 췌장암,365,20,60,all,"한국 남성이라면 꼭 대비해야하는, 침묵의 암 '간암'
췌장암 5년 생존율 1502% 불과, 암 중 생존율 가장 낮아",https://online.metlife.co.kr/product/detail?productCodeFixed=A0550&insuranceCodeFixed=11831,,,
102,무배당 메트라이프 대장암및소장암진단보험,메트라이프,신체·질환,대장암 및 소장암,365,20,60,all,"39년째 사망원인 1위 '암'
3대 암이라고 불리는 대장암, 3번째로 많이 발병
혹시 붉은 육류를 즐겨 드시고 계신가요? 이런 분들은 대장암 및 소장암에 대한 대비가 필요합니다.",https://online.metlife.co.kr/product/detail?productCodeFixed=A0550&insuranceCodeFixed=11832,,,
103,교보e독서안심보험,교보생명,독서·문화,"척추질환, 시각질환, VDT질환",365,20,60,all,"독서로 인해 발생할 수 있는 질환 보장. 오랜 독서로 인해 발생 가능한 시각, 근골격계, 척추질환 보장. 점차 증가하는 VDT 증후군 및 척추질환 환자! 미리미리 준비하세요!",https://www.kyobo.com/dgt/web/customer/utilization-guidance/mobile-app-utilization-guidance?tab=04,,,
104,교보e용종케어보험,교보생명,신체·질환,"3대기관(위,십이지장, 대장) + 9대기관 (간, 담관 및 췌장, 갑상선, 남성생식기관, 여성생식기관, 소장, 흉곽내기관, 골, 호르몬기관) ","1,095",20,60,all,"건강검진 전 필수. 위, 대장 용종수술비 보장. 자궁근종, 갑상선 등 9대 기관 수술 보장, 딱 한번의 보험료 납입. 가입 후 1-3일 내 보장. 3개 기관 + 9대기관 내시경 검사 중 용종 제거 수술시 10만원 보장",https://www.kyobo.com/dgt/web/customer/utilization-guidance/mobile-app-utilization-guidance?tab=04,,"1년만기, 3년만기",
105,교보e감염케어보험,교보생명,신체·질환,"주요법정감염병, 특정감염병, 식중독, 독감치료, 응급실내원","1,095",20,60,all,"우리를 위협하는 다양한 감염질환 미리미리 대비하세요
독감, 식중독 등 계절별로 유행하는 각종 바이러스성 감염질환을 보장해드려요
- 식중독, 특정감염병 입원 시 보장
- 독감(인플루엔자) 치료 보장
- 응급실 내원 보장",https://www.kyobo.com/dgt/web/customer/utilization-guidance/mobile-app-utilization-guidance?tab=04,,"1년만기, 3년만기 ",
106,교보e상해케어보험,교보생명,신체·질환,"강력범죄위로, 깁스치료, 골절(치아파절 제외), 응급실내원, 재해입원, 재해수술, 특정외모상해수술",365,20,60,all,"강력범죄 발생 시 강력한 쉴드 사고 1회당 300만원
깁스, 재해골절치료비 뿐만 아니라 응급실 내원 보장까지
월 천원대로 각종 사건,사고 보장 교보e상해케어보험 23.11 (무배당)
",https://www.kyobo.com/dgt/web/customer/utilization-guidance/mobile-app-utilization-guidance?tab=05,,"월납, 연납 다름",